{"basic information":{"system":"BAROMATCH","kcc code":"YG0793.SU","supplementary code":"109000","paint type":"","index code":""},"color information":[{"Color MixingAgen":"KB10U","Color Mixing Agen Name":"2K Binder","weight(g)":"695.01"},{"Color MixingAgen":"KM100","Color Mixing Agen Name":"White","weight(g)":"565.77"},{"Color MixingAgen":"KM701","Color Mixing Agen Name":"Black L.S","weight(g)":"11.07"},{"Color MixingAgen":"KM401","Color Mixing Agen Name":"Greenish Yellow","weight(g)":"4.03"},{"Color MixingAgen":"KM616","Color Mixing Agen Name":"Purplish Red L.S","weight(g)":"1.64"}],"automobile information":{"manufacturer":"SSANGYONG","car model":"TIVOLI","model year":"2016."},"color to compare":{"comparison standard":"","sense of color":"","brightness":""},"total":"1L","note":"대리점 요청 색상 배합입니다. (3회도장) \n"}