{"basic information":{"system":"BAROMATCH","kcc code":"MG0314.A6","supplementary code":"208000","paint type":"","index code":""},"color information":[{"Color MixingAgen":"KB10","Color Mixing Agen Name":"1K Binder","weight(g)":"232.06"},{"Color MixingAgen":"KM702","Color Mixing Agen Name":"Deep Black","weight(g)":"49.75"},{"Color MixingAgen":"KA69F","Color Mixing Agen Name":"Flip Flop Control Agent","weight(g)":"36.44"},{"Color MixingAgen":"KM816","Color Mixing Agen Name":"Bright Large Silver","weight(g)":"22.16"},{"Color MixingAgen":"KM814","Color Mixing Agen Name":"Bright Medium Silver","weight(g)":"11.68"},{"Color MixingAgen":"KM200","Color Mixing Agen Name":"Purplish Blue","weight(g)":"10.87"},{"Color MixingAgen":"KM302","Color Mixing Agen Name":"Transparent yellowish Green","weight(g)":"7.84"},{"Color MixingAgen":"KM605","Color Mixing Agen Name":"Transparent reddish Violet","weight(g)":"7.57"},{"Color MixingAgen":"KM900","Color Mixing Agen Name":"Medium Green Pearl","weight(g)":"5.12"},{"Color MixingAgen":"KM101","Color Mixing Agen Name":"White L.S","weight(g)":"4.46"},{"Color MixingAgen":"KM600","Color Mixing Agen Name":"Bluish Violet","weight(g)":"1.01"}],"automobile information":{"manufacturer":"HYUNDAI","car model":"G80(RG3)","model year":"2020.05"},"color to compare":{"comparison standard":"","sense of color":"","brightness":""},"total":"0.4L","note":"실차색상 배합입니다. (3회도장)"}