{"basic information":{"system":"BAROMATCH","kcc code":"OR2525.M8","supplementary code":"031000","paint type":"","index code":""},"color information":[{"Color MixingAgen":"KB10","Color Mixing Agen Name":"1K Binder","weight(g)":"641.50"},{"Color MixingAgen":"KA69F","Color Mixing Agen Name":"Flip Flop Control Agent","weight(g)":"99.10"},{"Color MixingAgen":"KM806","Color Mixing Agen Name":"Large Silver","weight(g)":"69.47"},{"Color MixingAgen":"KM609","Color Mixing Agen Name":"Transparent Brown oxide","weight(g)":"44.30"},{"Color MixingAgen":"KM605","Color Mixing Agen Name":"Transparent reddish Violet","weight(g)":"33.20"},{"Color MixingAgen":"KM602","Color Mixing Agen Name":"Transparent orange Red","weight(g)":"32.21"},{"Color MixingAgen":"KM101","Color Mixing Agen Name":"White L.S","weight(g)":"24.88"},{"Color MixingAgen":"KM702","Color Mixing Agen Name":"Deep Black","weight(g)":"11.40"},{"Color MixingAgen":"KM102","Color Mixing Agen Name":"Transparent White","weight(g)":"9.61"},{"Color MixingAgen":"KM808","Color Mixing Agen Name":"Gold Silver","weight(g)":"6.84"}],"automobile information":{"manufacturer":"GM-KOREA / CHEVROLET","car model":"","model year":""},"color to compare":{"comparison standard":"","sense of color":"","brightness":""},"total":"1L","note":"lt should be sprayed Three times\n"}